{"cameraMode":{"drawMode":0,"name":"Shaded","section":"Shading Mode"},"sceneLighting":true,"audioPlay":false,"sceneViewState":{"showFog":true,"showMaterialUpdate":false,"showSkybox":true,"showFlares":true,"showImageEffects":true,"showParticleSystems":true},"in2DMode":false,"pivot":{"x":2483.97998046875,"y":44387.859375,"z":45728.96875},"rotation":{"x":0.13755916059017182,"y":0.007428967393934727,"z":-0.0010294781532138587,"w":0.9904674887657166},"size":1.890960693359375,"orthographic":false}