{"cameraMode":{"drawMode":0,"name":"Shaded","section":"Shading Mode"},"sceneLighting":false,"audioPlay":false,"sceneViewState":{"showFog":true,"showMaterialUpdate":false,"showSkybox":false,"showFlares":true,"showImageEffects":true,"showParticleSystems":true},"in2DMode":false,"pivot":{"x":-0.042169153690338138,"y":1.695169448852539,"z":-1.180769681930542},"rotation":{"x":-0.059824541211128238,"y":-0.9393692016601563,"z":0.2581552267074585,"w":-0.21767152845859528},"size":3.2699122428894045,"orthographic":true}